分享文件上一级目录名称,分享名,分享地址,提取码,分享时间,浏览次数,分享状态
/免费资料,免费资料网站访问密码链接,"我用夸克网盘分享了「免费资料网站访问密码链接」，点击链接即可保存。打开「夸克APP」，无需下载在线播放视频，畅享原画5倍速，支持电视投屏。
链接：https://pan.quark.cn/s/1eef5419d274",,2025-01-15 15:36,3,永久有效
../言情,替嫁系列合集,"我用夸克网盘分享了「替嫁系列合集」，点击链接即可保存。打开「夸克APP」，无需下载在线播放视频，畅享原画5倍速，支持电视投屏。
链接：https://pan.quark.cn/s/c0529fda9ab7",d8ta,2025-01-13 23:00,1,永久有效
/电子书,心理学,"我用夸克网盘分享了「心理学」，点击链接即可保存。打开「夸克APP」，无需下载在线播放视频，畅享原画5倍速，支持电视投屏。
链接：https://pan.quark.cn/s/a6898d4142ff",4nxs,2025-01-13 22:59,1,永久有效
/国考资料,12-【考试+2025公考资料】2025国考，齐麟行测高分计划3班,"我用夸克网盘分享了「12-【考试+2025公考资料】2025国考，齐麟行测高分计划3班」，点击链接即可保存。打开「夸克APP」，无需下载在线播放视频，畅享原画5倍速，支持电视投屏。
链接：https://pan.quark.cn/s/ec63e272e461",,2025-01-12 22:12,2,26天后失效
/国考资料,17-【考试+2025公考资料】7节课锁定国考常识！2025年半月谈速成攻略,"我用夸克网盘分享了「17-【考试+2025公考资料】7节课锁定国考常识！2025年半月谈速成攻略」，点击链接即可保存。打开「夸克APP」，无需下载在线播放视频，畅享原画5倍速，支持电视投屏。
链接：https://pan.quark.cn/s/9364109c0297",,2025-01-12 22:11,4,永久有效
/教程,【看动画学初中生物地理政治历史】,"我用夸克网盘分享了「【看动画学初中生物地理政治历史】」，点击链接即可保存。打开「夸克APP」，无需下载在线播放视频，畅享原画5倍速，支持电视投屏。
链接：https://pan.quark.cn/s/c7839139c1cc",,2024-11-23 13:19,1,永久有效
